{
  "winner": {
    "winner": "ensemble",
    "test_rmse": 106631.84,
    "test_r2": 0.363311,
    "test_mape": 16.6363,
    "justification": "ensemble achieved the lowest test RMSE of SGD 106,632 (R2=0.3633, MAPE=16.64%). Runner-up: xgboost with RMSE SGD 167,750."
  },
  "all_models": {
    "xgboost": {
      "val_rmse": 80218.5,
      "val_r2": 0.638027,
      "test_rmse": 167749.57,
      "test_r2": -0.575709,
      "test_mape": 28.8838
    },
    "lgbm": {
      "val_rmse": 79661.26,
      "val_r2": 0.643039,
      "test_rmse": 168577.34,
      "test_r2": -0.591299,
      "test_mape": 28.9961
    },
    "rf": {
      "val_rmse": 83918.88,
      "val_r2": 0.603862,
      "test_rmse": 171950.32,
      "test_r2": -0.655615,
      "test_mape": 29.4491
    },
    "ensemble": {
      "val_rmse": 41242.61,
      "val_r2": 0.904321,
      "test_rmse": 106631.84,
      "test_r2": 0.363311,
      "test_mape": 16.6363
    }
  }
}