{
  "winner": {
    "winner": "xgboost",
    "test_rmse": 44790.17,
    "test_r2": 0.887664,
    "test_mape": 6.4879,
    "justification": "xgboost achieved the lowest test RMSE of SGD 44,790 (R2=0.8877, MAPE=6.49%). Runner-up: lgbm with RMSE SGD 45,209."
  },
  "all_models": {
    "xgboost": {
      "val_rmse": 34247.68,
      "val_r2": 0.934024,
      "test_rmse": 44790.17,
      "test_r2": 0.887664,
      "test_mape": 6.4879
    },
    "lgbm": {
      "val_rmse": 35088.12,
      "val_r2": 0.930746,
      "test_rmse": 45208.58,
      "test_r2": 0.885555,
      "test_mape": 6.6221
    },
    "rf": {
      "val_rmse": 38030.73,
      "val_r2": 0.918643,
      "test_rmse": 48379.12,
      "test_r2": 0.86894,
      "test_mape": 7.1591
    },
    "ensemble": {
      "val_rmse": 32403.05,
      "val_r2": 0.940939,
      "test_rmse": 47444.93,
      "test_r2": 0.873953,
      "test_mape": 6.696
    }
  }
}